ID,BaseMean,log2FC,lfcSE,stat,pvalue,padj,ClusterID
1314,5591.23923504977,8.19310948812216,0.794468295736059,10.312695336107,6.17449055589224e-25,4.10974091400188e-21,"NA"
3000,28056.8930483205,6.28270612393933,0.640634905764348,9.80699938047142,1.05045750967012e-22,3.49592259218217e-19,Terpene1
1317,2025.71523581622,7.77587894272306,0.819708283758443,9.4861539120599,2.39715987630108e-21,3.988874034165e-18,"NA"
3001,16894.3548321381,6.77817251717928,0.712725166281075,9.51021913895236,1.90261310318399e-21,3.988874034165e-18,Terpene1
1320,1102.54362871127,7.89439645997481,0.879599675183516,8.9749879208718,2.83382883025281e-19,3.77239293883254e-16,"NA"
0487,1267.67493010802,7.73022359495322,0.871662696979417,8.86836573566915,7.42271922333528e-19,7.05794559293137e-16,"NA"
0515,1786.34234422337,6.11866425560521,0.688780018068425,8.88333589113697,6.48846709273832e-19,7.05794559293137e-16,"NA"
1318,829.032340477602,8.72598421081485,0.985669035378516,8.85285415044402,8.53091135136923e-19,7.0977182443392e-16,"NA"
1315,1673.50097578228,7.30065528028312,0.837133978280884,8.72101177314,2.75726763026332e-18,2.03915259411474e-15,"NA"
1319,1940.13651914724,8.32561019644248,0.965351292665981,8.62443574654559,6.44094307147448e-18,4.28709170837342e-15,"NA"
1316,2451.97208716565,6.59915866366932,0.7679742194164,8.59294296191892,8.47696234937835e-18,5.12933285431476e-15,"NA"
0488,1119.94605787235,7.20144905073781,0.846459625720462,8.5077289358111,1.77373269464236e-17,9.83830401294965e-15,"NA"
1312,1524.22957467453,7.19682633987889,0.882779734262587,8.15245984989745,3.56595359577758e-16,1.82576824103812e-13,"NA"
1313,2089.97834848585,6.40878595096781,0.79677167245305,8.04344101646692,8.73502611504764e-16,4.15288098726837e-13,"NA"
6218,6767.62615566727,5.16127673319209,0.648682739993263,7.95655012070414,1.76902491769554e-15,7.84975323478768e-13,Lantipeptide(venezuelin)
3385,1983.87649782235,5.94530828597061,0.766020664070831,7.76128969468749,8.40700361760284e-15,3.49731350492278e-12,"NA"
1311,2603.26759480489,8.26457823236587,1.09013243979371,7.58126070803821,3.42213146466295e-14,1.33986511934098e-11,"NA"
6237,8289.55880507501,9.07185638500662,1.20387181982178,7.53556669043856,4.86218616651272e-14,1.79792839579493e-11,Lantipeptide(venezuelin)
6236,1613.93671096253,10.4779927133225,1.40706817548708,7.44668445769899,9.57151783366057e-14,3.35305382636025e-11,Lantipeptide(venezuelin)
6217,5283.27283517441,5.29233421067494,0.713088708186633,7.42170525197799,1.15621897447584e-13,3.84789674705558e-11,Lantipeptide(venezuelin)
0495,1735.59585038529,6.68709683822427,0.906474790582961,7.37703564146968,1.61852690971942e-13,5.12995957671069e-11,"NA"
6256,3523.67683254687,9.19245258606726,1.25178710138685,7.34346325815545,2.08136553473306e-13,6.29707681781055e-11,Lantipeptide(venezuelin)
5107,998.28770335671,4.70819421594938,0.643473995149102,7.31683681305322,2.53884277498159e-13,7.04105729594894e-11,T1PKS-T3PKS-NRPS
6239,3647.13104202139,9.12263966476115,1.24641991544226,7.31907405500997,2.49687786523423e-13,7.04105729594894e-11,Lantipeptide(venezuelin)
6219,1319.59388491359,5.01844765153982,0.69669597745626,7.20321031544191,5.88111518418552e-13,1.56578810663755e-10,Lantipeptide(venezuelin)
5596,727.458085626174,5.54305239923835,0.787110933227582,7.04227595532033,1.89124789024441e-12,4.84159459902569e-10,Lantipeptide/terpene
0514,1266.70131103055,5.54456924577006,0.802984628034125,6.90495067053068,5.02208760208711e-12,1.19382196712471e-9,"NA"
6229,9059.0378961706,7.61160380558531,1.10168019188994,6.90908655852983,4.87784277570077e-12,1.19382196712471e-9,Lantipeptide(venezuelin)
0496,1075.8421072986,6.36090823586077,0.932029520602108,6.82479266509875,8.80523920344993e-12,2.02095421166078e-9,"NA"
0494,1279.78441463724,6.60744341461706,0.978577264005893,6.75209169235028,1.45728724579794e-11,3.23323463601036e-9,"NA"
6257,2782.03646520474,8.35771361178954,1.23948313531551,6.7429022417978,1.55253675196648e-11,3.33344665196417e-9,Lantipeptide(venezuelin)
6240,2912.72833513731,8.49848884603379,1.27941454354564,6.6424826018328,3.08443082959956e-11,6.41561612556709e-9,Lantipeptide(venezuelin)
0497,648.332726933191,6.40638272640297,0.976692594769494,6.55926210632826,5.40746839900305e-11,1.08684110120135e-8,"NA"
6242,971.16327912702,8.66291512821375,1.32150642687107,6.55533333176815,5.55177245205015e-11,1.08684110120135e-8,Lantipeptide(venezuelin)
0513,1202.20117181584,5.4899619909652,0.838167151715539,6.54996080403352,5.75521869750187e-11,1.09447816144493e-8,"NA"
6244,1278.55326650525,8.72717650757166,1.33387371228662,6.54273071519709,6.04055421798331e-11,1.11683135763602e-8,Lantipeptide(venezuelin)
0491,491.766331900907,4.29831643603236,0.658320096493775,6.52921953761592,6.61132851841676e-11,1.18932439509681e-8,"NA"
0517,906.92568519994,4.9215487563562,0.75476034409286,6.5206774506302,6.99905494206149e-11,1.22593972879898e-8,"NA"
6259,1476.25032039004,9.62741333343823,1.4800267224703,6.50489155855862,7.77494457986757e-11,1.32692387496407e-8,Lantipeptide(venezuelin)
0493,1964.22487494972,5.84479998540456,0.899370152860914,6.49877024138742,8.09792247361321e-11,1.34749429960924e-8,"NA"
6252,919.210621449336,9.21199176408776,1.41979659386604,6.48824754467397,8.68405166551732e-11,1.40978165574837e-8,Lantipeptide(venezuelin)
6220,2344.98416005598,4.51366722368967,0.697272761768199,6.47331642819886,9.58748769663656e-11,1.51938852640031e-8,Lantipeptide(venezuelin)
5131,3856.09942003795,4.42121408436671,0.68425186384278,6.46138405752677,1.03749631602129e-10,1.57817958239884e-8,T1PKS-T3PKS-NRPS
6243,1179.82794257206,8.13652075009641,1.25941714477367,6.46054469232958,1.04326775278769e-10,1.57817958239884e-8,Lantipeptide(venezuelin)
6241,827.86673163365,8.91328879810304,1.3827617383133,6.44600479687522,1.14837028722117e-10,1.69856725149869e-8,Lantipeptide(venezuelin)
6228,4080.60823218973,7.38211478786102,1.15495637588032,6.39168278735574,1.64069995232341e-10,2.37402149623143e-8,Lantipeptide(venezuelin)
6214,1241.90115027536,4.07586881399248,0.640563583305805,6.36294182219638,1.97925675253529e-10,2.80296445635636e-8,Lantipeptide(venezuelin)
6238,1719.93487944945,7.59523985776664,1.20451805375134,6.30562558536347,2.87032152522957e-10,3.98017918165167e-8,Lantipeptide(venezuelin)
3225,976.471030415919,-4.62774963085081,0.744250383066325,-6.21800100630705,5.03528332295829e-10,6.83976444849192e-8,"NA"
0662,187.756419063831,-4.63104650711871,0.745415354945051,-6.21270607909613,5.20798106971188e-10,6.93286440000046e-8,"NA"
6251,4753.68890605041,8.17987705121123,1.32109125861294,6.19175775926304,5.94969424116598e-10,7.61560862869245e-8,Lantipeptide(venezuelin)
6263,949.522104273798,8.05654083348969,1.30102277675305,6.19246717078719,5.92296889315556e-10,7.61560862869245e-8,Lantipeptide(venezuelin)
6255,3907.90765069859,7.34640272048153,1.20157303837929,6.11398765271111,9.71718272447354e-10,1.22033147573766e-7,Lantipeptide(venezuelin)
6227,1054.02700594409,7.25241444928714,1.19094136367434,6.08964863468318,1.13158763914882e-9,1.39478654188418e-7,Lantipeptide(venezuelin)
0812,174.258050675227,4.49637188060561,0.741893698118255,6.0606686537576,1.35556828408808e-9,1.64048409070732e-7,"NA"
5130,2018.63109725711,4.37452494580249,0.723044533623668,6.05014593482751,1.44714681952372e-9,1.72003736263391e-7,T1PKS-T3PKS-NRPS
6215,1962.30091775579,3.83987792277613,0.636415302363563,6.03360401378679,1.60342700731585e-9,1.87235265977093e-7,Lantipeptide(venezuelin)
0516,269.375600350137,4.35048491924938,0.727275944709347,5.98189030023265,2.20562805008539e-9,2.53114832782213e-7,"NA"
6258,425.852799036993,8.5509766835506,1.430778618554,5.97644986629208,2.2805269141396e-9,2.57274358313782e-7,Lantipeptide(venezuelin)
6260,485.546013072492,8.73784997931996,1.47010769680968,5.94368017954207,2.78693100654679e-9,3.09163546326257e-7,Lantipeptide(venezuelin)
5515,662.983393444565,4.12134616180251,0.693746783122631,5.94070669885036,2.83795974158615e-9,3.0966327934422e-7,Lantipeptide/terpene
6230,610.114532468656,6.8096569168048,1.14951354610469,5.92394664671889,3.14305467020747e-9,3.37422127175822e-7,Lantipeptide(venezuelin)
0489,88.8997421972497,6.41516971916386,1.08491181150125,5.9130794329604,3.35770148714233e-9,3.54743826959037e-7,"NA"
6261,1018.78768143986,7.97407393531586,1.35154683880562,5.89996121951841,3.63587021718766e-9,3.78130502587516e-7,Lantipeptide(venezuelin)
6246,1441.67615520086,7.22314077106788,1.22577387514698,5.89271881014905,3.79892552136673e-9,3.89009973387953e-7,Lantipeptide(venezuelin)
6266,947.699176537751,8.49339043913545,1.44270404241158,5.88713290422209,3.92952714001259e-9,3.9628685824127e-7,Lantipeptide(venezuelin)
6245,1784.4694704111,7.53365937057673,1.29596742847164,5.81315487184837,6.13062937089818e-9,6.09036852129825e-7,Lantipeptide(venezuelin)
5666,440.968275584456,4.13129767888924,0.715252692969444,5.775997377567,7.64985648339349e-9,7.48785952256868e-7,"NA"
6248,750.488680864565,7.6556450356936,1.32689197239171,5.76960686701147,7.9456677036058e-9,7.66469046886959e-7,Lantipeptide(venezuelin)
1908,1083.49009968794,3.81095024885697,0.663719761175744,5.74180621367378,9.36719835145507e-9,8.9068674610407e-7,"NA"
6247,3654.41507713141,6.92897704310715,1.21359188817617,5.70947870582776,1.13322734019349e-8,1.06236072906026e-6,Lantipeptide(venezuelin)
6249,1106.33499940919,7.75400407028679,1.37419687082063,5.6425714793371204,1.67528947253784e-8,1.54871204572387e-6,Lantipeptide(venezuelin)
6250,3933.1291936417,7.48890690861301,1.34294945960306,5.57646220791251,2.45459208943697e-8,2.23804999277979e-6,Lantipeptide(venezuelin)
0492,392.020851958531,4.435255490188,0.796311619994684,5.56974854921445,2.55107232035643e-8,2.26399164857232e-6,"NA"
5597,63.5687413783669,5.56615288832585,0.998966795101851,5.57190981283652,2.51961853252929e-8,2.26399164857232e-6,Lantipeptide/terpene
5449,183.73551656142,6.01889204288205,1.08235651388707,5.56091450982855,2.68364641660992e-8,2.31978578557865e-6,Lantipeptide/terpene
6264,16335.9696769925,7.19034174501991,1.29254632325817,5.5629276998715,2.65285820711069e-8,2.31978578557865e-6,Lantipeptide(venezuelin)
6216,1605.52728460914,3.75530595871224,0.677801788500669,5.5404190759354,3.01748656428861e-8,2.57492186819294e-6,Lantipeptide(venezuelin)
0507,72.5640641576144,6.46195399972697,1.1721165193071,5.51306452326683,3.52638876143433e-8,2.97109412608948e-6,"NA"
5448,244.108618939811,5.30855787719358,0.972855908340241,5.45667434579325,4.85134916728507e-8,4.01792852741591e-6,Lantipeptide/terpene
6211,786.127390721497,3.59299188683701,0.658626628919302,5.45527880148502,4.88960653126035e-8,4.01792852741591e-6,Lantipeptide(venezuelin)
0803,58.3191105233726,4.89700952619668,0.901835534769838,5.43004720638611,5.63391473470922e-8,4.57308981392983e-6,"NA"
3020,3471.48930547178,4.77423143401719,0.882820670571092,5.40792891825784,6.37577172402982e-8,5.11290802351114e-6,Terpene1
6210,137.564655074319,4.10465900212309,0.759841921105974,5.40199071426413,6.59053626420361e-8,5.22221540173086e-6,Lantipeptide(venezuelin)
6253,671.49223119219,6.99793635399813,1.29969537681861,5.38428964110627,7.27313064897077e-8,5.69528912935876e-6,Lantipeptide(venezuelin)
0504,335.717783576509,4.25494250239407,0.791650726634065,5.37477243340028,7.66794641475816e-8,5.93463387635236e-6,"NA"
6267,402.46864173061,7.59437227329845,1.41616055827824,5.36264919179197,8.20101829712313e-8,6.27425032018983e-6,Lantipeptide(venezuelin)
3226,893.489899010125,4.20814246954087,0.786241825282082,5.35222413031907,8.68796939834489e-8,6.57126412674813e-6,"NA"
0811,79.5228256606186,4.26281791362623,0.798645945335403,5.33755657124886,9.42075140164762e-8,7.04545183476029e-6,"NA"
1909,6514.37232433777,3.34145972407246,0.628823330929173,5.31382911498368,1.07345289776822e-7,7.93878054171697e-6,"NA"
4009,3939.33376318986,3.45754122082156,0.656108089794558,5.26977379886322,1.3659198172364e-7,9.88213293861467e-6,"NA"
6262,982.128647765184,7.31680521488095,1.38842986509645,5.26984142218282,1.36541670108263e-7,9.88213293861467e-6,Lantipeptide(venezuelin)
6265,1389.69554709435,7.46574753588212,1.41889862018908,5.26164972581851,1.4276855825546e-7,1.0217930362885399e-05,Lantipeptide(venezuelin)
2045,224.793625839769,3.65038382406976,0.696550732063211,5.24065750854525,1.6000544560562e-7,1.13297472973511e-5,"NA"
0512,1179.96711499008,4.51061392329454,0.866884897028711,5.20324432777048,1.95839119673097e-7,1.37211071636225e-5,"NA"
5453,161.488123114038,5.91985788378195,1.14710353818176,5.16070057038211,2.46027416587929e-7,1.6882046235147e-5,Lantipeptide/terpene
5454,461.389031121156,5.7670387881437,1.11722954887063,5.16191036477097,2.44442337787163e-7,1.6882046235147e-5,Lantipeptide/terpene
2916,109.862128619098,4.03102909987831,0.795545641751648,5.06699916173598,4.04136062023446e-7,2.74482615186537e-5,Terpene1
2917,25017.623433776,3.1284853985617,0.621400231237759,5.03457392078872,4.78912848347273e-7,3.21984234201964e-5,Terpene1
3535,750.099312144893,-3.64347403535053,0.728025129075133,-5.00459927802097,5.59783565464741e-7,3.72591941173332e-5,"NA"
6268,1489.07196163998,6.34356622615492,1.27292364497526,4.9834616955978,6.24566823361215e-7,4.11595720424975e-5,Lantipeptide(venezuelin)
6212,992.451541391726,3.143190607948,0.638635444940687,4.9217290284286,8.57829347162432e-7,5.59775699481681e-5,Lantipeptide(venezuelin)
5806,314.624809791232,-3.21828133473095,0.672399044761032,-4.78626696424697,1.69912015933697e-6,1.09799454180067e-4,"NA"
1654,254.183379933139,-3.22330323493697,0.676980812422122,-4.76129186498586,1.9235761743327e-6,1.23108875157293e-4,"NA"
5135,149.654745158597,4.02880532983528,0.847977871591844,4.75107365982594,2.0233940198804e-6,1.2826391044118e-4,T1PKS-T3PKS-NRPS
2566,2311.99550737219,5.47217533099763,1.15775153486537,4.7265541579558,2.28361905651428e-6,1.43394041888293e-4,Siderophore(desferrioxamine-like)
0613,816.489597721326,3.57108832195333,0.75745879518965,4.71456446823515,2.42228304535572e-6,1.50679588316707e-4,"NA"
4711,1925.05430124922,-3.05031836974288,0.649626494751952,-4.69549563385278,2.65961049487728e-6,1.63910809758363e-4,T1PKS-T3PKS-NRPS
5726,105.572931304783,4.30498895938485,0.919924389052539,4.6797204320441,2.8726635747491e-6,1.7541696104156e-4,"NA"
0490,41.3811242091571,6.19178272754788,1.32402672457031,4.67647866364427,2.91842949174798e-6,1.76591515427951e-4,"NA"
5447,874.405362182281,3.9478898511991,0.851392781051831,4.6369783008047,3.53539510398924e-6,2.11996304613985e-4,Lantipeptide/terpene
0799,71.370823693775,3.58707920523037,0.783208351627656,4.57998079026575,4.65018638370796e-6,2.76353933660359e-4,"NA"
2567,1221.51033959744,5.36002022977528,1.17290453825641,4.56986911973525,4.88028895985575e-6,2.85240633577759e-4,Siderophore(desferrioxamine-like)
2568,2669.48827446158,5.33321031811187,1.16709424052725,4.5696483907782,4.88543152461907e-6,2.85240633577759e-4,Siderophore(desferrioxamine-like)
5805,472.852736292704,-3.03314940552563,0.675083103908744,-4.49300151042684,7.02262863998966e-6,4.06457532415401e-4,"NA"
0807,48.9136495448927,3.7145091446736,0.828385102944068,4.48403662918646,7.32440809262622e-6,4.20269485038967e-4,"NA"
0612,424.141272268111,3.24878529707961,0.725702923595345,4.47674274341376,7.57904841454454e-6,4.31163643138534e-4,"NA"
4010,4150.09779382798,2.95594005766539,0.663661461599311,4.45398780658753,8.42898893915078e-6,4.75452121855827e-4,"NA"
2565,1431.12064800367,4.88332165197075,1.10027690849862,4.4382660530741,9.06864810101847e-6,5.03007681336491e-4,"NA"
4731,76.2110631259778,3.8005748843006,0.85623515493815,4.4387045572488,9.05019453731883e-6,5.03007681336491e-4,T1PKS-T3PKS-NRPS
0510,507.044667261299,3.67758706980113,0.833536205363003,4.41203039068897,1.02405734867368e-5,0.00056331617460925805,"NA"
0483,69.5685055994534,5.24424115602893,1.19078872709468,4.40400638392337,1.06269813649319e-5,5.79780229221201e-4,"NA"
3752,521.464298701533,-3.26309584475668,0.743305441070911,-4.38997976397885,1.133612095898e-5,6.13440821975374e-4,"NA"
0814,44.3001391485933,3.76054051038745,0.867358265992614,4.33562537861312,1.45346299317022e-5,7.80181426011372e-4,"NA"
5959,188.137804587891,4.8454408738672,1.1196226522955,4.32774458781522,1.50644015632777e-5,8.02149254441413e-4,Butyrolactone/T2PKS
5667,518.00190045648,3.21772927288573,0.752130637015999,4.27815211151581,1.8845122961174e-5,9.95501098647415e-4,"NA"
5106,512.157605622072,3.29088842386552,0.770657542911054,4.27023449538252,1.95267552052003e-5,0.00102338647752609,T1PKS-T3PKS-NRPS
6839,687.607865159364,4.28794426624255,1.00465923682237,4.26805837151794,1.97181737222179e-5,0.00102534503355533,Melanin2
5801,1191.50839711845,-3.42895744529502,0.805708184868195,-4.25583047273618,2.08274478415419e-5,0.00107463172738994,"NA"
5880,103.961664305217,-3.64614868811365,0.859872261125472,-4.24033760938081,2.23183849890824e-5,0.00114270131144102,"NA"
6213,1542.94280879049,2.79000403137939,0.662005168863994,4.21447469385633,2.50360220937317e-5,0.00127205925996854,Lantipeptide(venezuelin)
1932,10372.2169533595,-2.69315368945641,0.64039230307385,-4.20547479494899,2.60534624694531e-5,0.00130491022746025,"NA"
3536,772.637830803843,-2.65687363561285,0.631793096133731,-4.20529070651711,2.60746785234695e-5,0.00130491022746025,"NA"
2918,852.700384879105,2.77847922232172,0.661854010065071,4.19802430757886,2.69253736215895e-5,0.00133742751362164,Terpene1
5598,37.5239497124077,4.0029018189581,0.95614500728375,4.18650078017944,2.83287960167608e-5,0.00139671456509304,Lantipeptide/terpene
4912,612.79328821717,-2.98688968751244,0.721617302261869,-4.13916029750146,3.48579335424254e-5,0.00170598827689988,T1PKS-T3PKS-NRPS
5457,450.005981760185,4.87898485667137,1.18122576037324,4.13044230861486,3.62065949782283e-5,0.00175905909616852,Lantipeptide/terpene
3384,671.546220197849,2.90813728336391,0.705105607765511,4.12439959537386,3.71703092652595e-5,0.00179279404688092,"NA"
7007,117.855370817048,-3.07323616111966,0.745539192287029,-4.1221658001535,3.75326896550948e-5,0.00179724879384396,"NA"
0944,977.095705899926,-2.93514749244167,0.713191933223329,-4.11550854084402,3.86326690782659e-5,0.00182368117294282,"NA"
5456,69.5317731424596,4.15159410755089,1.00839583451314,4.11702821993043,3.8378909510524e-5,0.00182368117294282,Lantipeptide/terpene
0511,188.365094443912,4.06981825883687,0.991101393961829,4.10635913099483,4.01944398098737e-5,0.00188404360122901,"NA"
0929,2011.77361848611,3.6957537731609,0.900538159120308,4.10393911210948,4.06174404796758e-5,0.00189055722959945,"NA"
7325,1336.4047435916,3.14231664503364,0.770658205514917,4.07744525724487,4.5533245701292e-5,0.00210464780130416,"NA"
3616,497.162242034987,5.05956431471217,1.24157764013165,4.07510907990875,4.59927833881226e-5,0.00211122735331961,"NA"
1122,432.457213217011,2.90081987489824,0.713257382572004,4.06700294420773,4.76216416338245e-5,0.00217102497749819,"NA"
5665,558.102047436833,3.12323619808599,0.771736929781851,4.04702182513003,5.18734063081997e-5,0.00234877137678488,"NA"
5800,689.112183241033,-3.38984292963079,0.838313835994288,-4.04364425837042,5.26267506043799e-5,0.00236678143258617,"NA"
1910,3642.38919478129,2.57453577016924,0.637894635978545,4.03598905675047,5.43727504825843e-5,0.00242889280008108,"NA"
0486,1078.48791186272,3.4578780632872,0.864744396111357,3.99872850155124,6.36836803499558e-5,0.00280714289012785,"NA"
0813,53.0386552761701,3.26665154051865,0.816672117482761,3.99995478061318,6.33545882024172e-5,0.00280714289012785,"NA"
0505,2826.37082108758,3.69087383717378,0.92976590736031,3.96968076368008,7.19689906615288e-5,0.00313088628655644,"NA"
5960,141.366173149365,4.8878602040595,1.23113168665449,3.97021720506755,7.18071400206066e-5,0.00313088628655644,Butyrolactone/T2PKS
4712,724.865158307026,-2.82811929143326,0.712948545732034,-3.96679298718455,7.28462118815876e-5,0.00314323566191602,T1PKS-T3PKS-NRPS
5572,578.232870646177,5.00584885677645,1.26230341862022,3.96564628039126,7.31973448913736e-5,0.00314323566191602,Lantipeptide/terpene
0482,115.079786103947,3.73978936779401,0.945823909607612,3.9540017225251902,7.68548554420585e-5,0.00322298135646625,"NA"
1276,668.77242666434,4.64305024229992,1.17376406311052,3.95569296098199,7.63131224328482e-5,0.00322298135646625,"NA"
4761,904.526605614395,4.20393988911626,1.06332551360517,3.95357755957809,7.69912914179889e-5,0.00322298135646625,T1PKS-T3PKS-NRPS
5455,327.578869730761,4.56350277873155,1.15364565247814,3.95572311907795,7.63034951186487e-5,0.00322298135646625,Lantipeptide/terpene
2900,2239.8997611268,3.19809879562613,0.817863301062617,3.91030969536226,9.21778596887307e-5,0.0038345989630512,Terpene1
0928,8185.7958199971,3.30212776431887,0.846758146301917,3.89972954938833,9.63001977097405e-5,0.0039812056891679,"NA"
4977,1034.11865075379,2.44892130989969,0.628715184873492,3.89512034832187,9.81499845458472e-5,0.00403263146380962,T1PKS-T3PKS-NRPS
4349,715.997547734475,3.19815666041549,0.822869758456228,3.88658913217992,1.01662608843769e-4,0.0041513271439517,"NA"
7209,666.277272555011,-2.61083321813761,0.677571899376118,-3.85321944511212,1.1657482233876e-4,0.00473123181394383,"NA"
6458,385.570777407356,3.98646827763601,1.03507835467423,3.85136860377172,1.17459547345351e-4,0.00473824695230703,Terpene2
0829,2821.70383216593,2.87704534020527,0.751492714941499,3.82844075930827,1.28957661870755e-4,0.00513977363719609,"NA"
1123,1108.76718848328,2.96970046321119,0.7756345940903,3.82873647699299,1.28802832480302e-4,0.00513977363719609,"NA"
0001,345.530424480576,2.47963570334555,0.649937950330445,3.81518836080405,1.3607909352504e-4,0.0053913240863254,"NA"
4352,856.39495027691,2.83582459542178,0.74449101483341,3.80907833529238,1.39485764609611e-4,0.00549359319077854,"NA"
3065,112.65386120376,3.16219892190836,0.831561347396646,3.80272475603659,1.4311332965404e-4,0.0055752082970265,"NA"
3067,454.898753742332,2.53602603922254,0.666933466668991,3.80251729140054,1.43233266044401e-4,0.0055752082970265,"NA"
3617,718.236676576689,4.70116188541131,1.23732302552443,3.79946205512401,1.45010511802404e-4,0.00561156957300467,"NA"
0506,4258.39000651288,3.59603373668819,0.948820907961054,3.79000263012311,1.50645689652318e-4,0.00579594052211461,"NA"
4760,965.547232767225,3.98515404946068,1.05290199919038,3.78492400292243,1.53755556993789e-4,0.00588159188132562,T1PKS-T3PKS-NRPS
4354,1379.93484812559,3.15424349888709,0.83418971811743,3.78120639751527,1.56070210934264e-4,0.00593601899416265,"NA"
0925,2570.08813371848,3.22577507693303,0.854201250882623,3.77636426263709,1.59134217294709e-4,0.00601816676314538,"NA"
3383,338.424550190701,2.60916900063552,0.692468892071984,3.76792232908606,1.64611899534013e-4,0.00619015143106436,"NA"
0809,44.584834139452,3.03427557187723,0.806173129162711,3.76380142442681,1.67349791127431e-4,0.00622279446784459,"NA"
2739,222.548205182897,4.26919012064924,1.13423069827337,3.76395218992768,1.67248873432366e-4,0.00622279446784459,Terpene1
1175,1291.61565255435,2.68291116685797,0.715473952631789,3.74983765235505,1.76949091415281e-4,0.00649936419004139,"NA"
4353,1097.25189301142,2.91107682295478,0.776290017150024,3.74998616321532,1.76844328235833e-4,0.00649936419004139,"NA"
6205,50.8300195748869,2.87724638970851,0.767521215284553,3.74875160765659,1.77716989571444e-4,0.00649936419004139,Lantipeptide(venezuelin)
5442,969.664517440648,5.01950383048452,1.34240970247137,3.73917427834708,1.84625701352497e-4,0.00671512933443836,Lantipeptide/terpene
0503,332.225605308182,2.72871575734782,0.730425370433331,3.73578994898409,1.87126823792244e-4,0.00676910945196293,"NA"
6838,169.144095784606,4.04481627910032,1.08501951033848,3.72787423687754,1.93101691448109e-4,0.00694748572042494,Melanin2
6091,389.475521335204,4.39874967725649,1.18060290087168,3.72585030411898,1.94657907805874e-4,0.00696582276535427,"NA"
0665,111.346021510486,-2.59604145705718,0.698411836884772,-3.71706394415748,2.01551444136146e-4,0.00717393803299566,"NA"
0800,24.9060756115482,3.80723892448551,1.02988409417513,3.69676446701012,2.1836476260598e-4,0.00769013682489632,"NA"
4365,765.058703790104,2.84317914074211,0.769070157605306,3.69690477861613,2.18244155702072e-4,0.00769013682489632,"NA"
3832,3666.94350631259,2.36755849872052,0.64406543434579,3.6759595725322,2.36957048545858e-4,0.00830097955326965,"NA"
0922,4894.74671625867,3.33155515902335,0.910473903878536,3.65914404007763,2.53059080911929e-4,0.00881864524895182,"NA"
0671,143.83689841249,-2.48669678231075,0.67984932208748,-3.65771752875379,2.54471266976311e-4,0.0088216705885121,"NA"
0666,146.412071235502,-2.45163662275401,0.671944509365733,-3.64857006580525,2.63703987323407e-4,0.00909437170789948,"NA"
2426,886.07249151328,2.67736218190947,0.734624020926932,3.6445339461283,2.67876778928858e-4,0.00912303468868744,"NA"
6093,1491.49719398602,4.43613668632152,1.21709622006172,3.6448528992199,2.67544786239244e-4,0.00912303468868744,"NA"
7326,1520.44895603616,2.72812597268929,0.748704499450076,3.64379534875655,2.68647055135628e-4,0.00912303468868744,"NA"
1270,12905.4546833498,-2.90164748110679,0.798057987995141,-3.6358855180389,2.77027349547765e-4,0.00935986821619252,"NA"
5136,93.1355980723099,3.18142753569653,0.87732017582483,3.62630157536893,2.87509558621118e-4,0.00961640011146815,T1PKS-T3PKS-NRPS
5137,31.4590388872951,3.28500911177419,0.905757696772732,3.62680783556007,2.8694667928106e-4,0.00961640011146815,T1PKS-T3PKS-NRPS
0621,281.101372052171,-2.83246123921319,0.782898417702715,-3.6179166736913,2.96983972071162e-4,0.00988362659052827,"NA"
4762,1103.3787058548,4.06088394249057,1.12285431959802,3.61657240090092,2.9852984538986e-4,0.00988564502942741,T1PKS-T3PKS-NRPS
6221,250.978781968391,2.64880411185744,0.732920722859076,3.61403904848621,3.01463628937893e-4,0.00993337581292383,Lantipeptide(venezuelin)
5763,218.625831166648,2.41053741338905,0.668674839982717,3.60494708227897,3.12216539311933e-4,0.01023701125941,"NA"
4066,199.211945960328,-2.37731846765884,0.662763151826722,-3.58698044860584,3.34529395911935e-4,0.0108615983375114,Other2
6226,158.594926287082,3.90349599292643,1.08798651776492,3.58781651168388,3.3345881744272e-4,0.0108615983375114,Lantipeptide(venezuelin)
2801,1624.36489703614,3.79049931622148,1.05745504713662,3.58454889074045,3.3766131161547e-4,0.0109100664568571,Terpene1
4913,1220.21011606047,-3.57517442561188,0.999290542706243,-3.57771265995345,3.46614186184359e-4,0.0111452368272613,T1PKS-T3PKS-NRPS
3464,10980.8527509397,2.81475788731885,0.788327355003113,3.57054448187674,3.56239949017867e-4,0.0113996783685718,"NA"
2412,318.26110859027,2.4734878553792,0.693483257593393,3.56675929562163,3.61423176223724e-4,0.0115102041193546,"NA"
t51,37.8963938053167,2.87581333864969,0.806956400631856,3.56377784028716,3.6555537572307e-4,0.0115835117451501,"NA"
5450,107.602657193042,3.81203922297098,1.07001728841597,3.56259591713163,3.67205675815306e-4,0.0115835117451501,Lantipeptide/terpene
3194,346.110560189672,2.41328588169591,0.679023735300027,3.55405231987892,3.7934373945488e-4,0.011909961933074,"NA"
0508,140.204737698867,2.68552595014712,0.757543082379821,3.54504715653998,3.92542851573513e-4,0.0122665033806258,"NA"
4350,316.400535627556,2.8885165153789,0.815175770505004,3.54342783469809,3.94961388840627e-4,0.0122844065613234,"NA"
0915,902.561083073202,3.25051732259093,0.918610887175993,3.53851382339232,4.02386212274353e-4,0.0124395888096399,"NA"
3615,1347.08372006505,4.47873426605697,1.2660344077053,3.53760864538803,4.03768033013294e-4,0.0124395888096399,"NA"
4763,1085.50718191989,4.08471989722783,1.15503700503605,3.53644071957708,4.05557507766205e-4,0.0124395888096399,T1PKS-T3PKS-NRPS
0485,786.904632830965,3.17367663547803,0.897771580453261,3.53506025873054,4.0768217770843e-4,0.0124473971322354,"NA"
7324,671.764021349871,2.85653420682056,0.809706966805309,3.52786171285025,4.18930954481354e-4,0.0127324403334607,"NA"
0808,59.4810014733019,2.93610175231898,0.834327761985459,3.5191226830711,4.32976436638467e-4,0.0130995052830256,"NA"
5965,3108.39668064229,3.56978425977118,1.01585208410856,3.51407878727123,4.41281906934602e-4,0.0132903727265009,Butyrolactone/T2PKS
2991,947.563889694999,-3.00031551100081,0.854428233741232,-3.5114891953693,4.45603576091107e-4,0.0133600783894703,Terpene1
2738,243.606201133939,3.87606072526981,1.10609488357981,3.50427506971661,4.57852167136716e-4,0.0136657579572286,Terpene1
0804,41.6895930710219,3.1227520534059,0.891749013664784,3.50182843552857,4.6207706136623e-4,0.0137302898234537,"NA"
5576,387.717192686438,4.02464680161052,1.15071513732408,3.49751790957543,4.69609180324869e-4,0.0138920831299659,Lantipeptide/terpene
3066,70.3244862931545,2.5654426636155,0.735780025394325,3.48669789213238,4.89023435984209e-4,0.0144023893358889,"NA"
2791,222.922891997452,3.22796788132136,0.926676037593179,3.48338335121435,4.95118834157723e-4,0.0145176694279903,Terpene1
2057,206.808836935236,-3.24879060496447,0.934065462110737,-3.47811875799698,5.04946158379879e-4,0.0147408843428793,"NA"
2676,5248.53965563,3.39250603141539,0.975883582183303,3.47634297097763,5.08301796180962e-4,0.014774046966727,Terpene1
4355,982.579834248957,2.88674362718297,0.831329157075583,3.47244361948984,5.15743328687076e-4,0.0148723582123748,"NA"
5452,136.514768488728,3.82064389443667,1.10034283455521,3.47223044895919,5.16153056949906e-4,0.0148723582123748,Lantipeptide/terpene
0311,803.82249584859,3.55113089824462,1.02325540907914,3.47042475098215,5.19635921084002e-4,0.0149081753910996,"NA"
3609,3579.86543677708,4.1609679892234,1.19971956635271,3.46828384392633,5.23793720760874e-4,0.014962965688345,"NA"
1933,620.71016610726,-2.2314778130851,0.643935086825996,-3.46537695916559,5.29488747363758e-4,0.0150028389590289,"NA"
7260,134.087492854325,2.43341285176603,0.702228746609792,3.46527091565821,5.29697589448886e-4,0.0150028389590289,"NA"
0926,3240.1358806505,2.89472119939361,0.839765906415784,3.44705730165756,5.66728366123531e-4,0.0159836610377891,"NA"
0801,40.5661220744794,3.07843224725064,0.893574137814611,3.44507760126034,5.70895467918633e-4,0.0160332499344575,"NA"
2554,480.561553205083,2.97603171589305,0.867489722867482,3.43062475259741,6.02193000481906e-4,0.0168411622319646,"NA"
4356,922.496305351855,2.748921729802,0.802091189693846,3.42719352253607,6.09854280561067e-4,0.0169840589598932,"NA"
0730,3241.95028936987,4.19560190835796,1.22680661321648,3.41993747275113,6.26355308209749e-4,0.0173709205476837,"NA"
0881,50.5564619555655,2.80729946538725,0.824111952909349,3.40645400843501,6.58126376910754e-4,0.0181763035880414,"NA"
0927,4654.94402449686,3.08992230299855,0.90821635110945,3.40218748453933,6.68487612605797e-4,0.0183781343021813,"NA"
6199,264.831894941723,2.19234138177989,0.644582596533065,3.40117991638551,6.70956525755719e-4,0.0183781343021813,Lantipeptide(venezuelin)
1173,612.035199078164,2.23107731434501,0.656290910136503,3.39952493610031,6.75030243026306e-4,0.018413939744193,"NA"
6092,237.694395145794,3.83762530585633,1.13492235647825,3.38139898641593,7.21177431402282e-4,0.0195924774833208,"NA"
5574,257.712378129839,4.09251416333046,1.21407381092764,3.37089403172572,7.49246722463524e-4,0.0202723015638911,Lantipeptide/terpene
0920,2335.0403314217,3.21433452370545,0.957333048251554,3.35759277252155,7.86243538697246e-4,0.0211127262688377,"NA"
5133,78.8863891177315,2.77833848189877,0.827514682097706,3.35744916918674,7.86652060497558e-4,0.0211127262688377,T1PKS-T3PKS-NRPS
0614,579.20611806969,2.56512617597533,0.765613672230772,3.35041845386762,8.06895635957275e-4,0.0214827894117265,"NA"
5575,196.002334702423,3.99534062433754,1.19235315095898,3.3508030914534,8.0577576440778e-4,0.0214827894117265,Lantipeptide/terpene
4069,313.444632304787,2.278381594045,0.680736535687585,3.34693596509213,8.17100829529042e-4,0.0216678212005789,Other2
5804,994.046721379751,-2.16700586075505,0.647972150462045,-3.34428857661528,8.24938799301452e-4,0.0217888597148828,"NA"
7112,5354.8821662108,-3.07811102357384,0.920778033764568,-3.34294575967358,8.28941008107959e-4,0.0218080290512513,Terpene3
5966,1717.55545331312,3.36657719760075,1.01046302008152,3.3317173718333,8.63118639985589e-4,0.0226177860934806,Butyrolactone/T2PKS
7205,270.773087371116,-2.22959075777923,0.671445729956768,-3.32058222772939,8.98298927512652e-4,0.0234473633785263,"NA"
0921,2405.26829378143,2.94881943020028,0.890584841256662,3.31110444911609,9.29285153345531e-4,0.0241614139869838,"NA"
4357,1257.35181341336,2.65531681741376,0.802306490468609,3.30960405899602,9.34280302992952e-4,0.024196769247942,"NA"
1889,616.615191033729,3.84145153971362,1.164928127479,3.29758673440812,9.75195502955697e-4,0.0251585320452446,"NA"
3750,17643.0154377015,-2.10951356296581,0.640051171593419,-3.29585142030776,9.81238954289956e-4,0.0252167045550345,"NA"
4351,384.367722565738,3.02996019303563,0.920301922468422,3.29235451873089,9.93522849493063e-4,0.0253367359625511,"NA"
7337,4683.37973469288,2.31197552467441,0.702213122084278,3.29241287575503,9.93316690340927e-4,0.0253367359625511,"NA"
4297,112.572105524091,2.62163096952536,0.797183819977226,3.28861537806958,0.00100681508234714,0.0255777144584067,"NA"
3751,2180.91857925645,-2.08005838139995,0.633058871811965,-3.28572661093325,0.00101719684397402,0.0257432022566201,"NA"
4759,6522.06193804994,3.39722531139687,1.03529155124309,3.28141894649654,0.00103286205281411,0.0260406432709496,T1PKS-T3PKS-NRPS
1634,625.071264321409,2.16788690114989,0.661326652020818,3.27808790788255,0.00104512842214666,0.0262504708596535,"NA"
1174,332.006696096513,2.49775838853092,0.762504331044819,3.27573009993055,0.00105389224514954,0.0263710781342681,"NA"
5573,324.614914462134,3.70887791311595,1.13296565901771,3.27360135198766,0.00106186302184578,0.0264710122599456,Lantipeptide/terpene
7206,59.3991578550068,-2.65934087951695,0.814761375369661,-3.26395059941372,0.00109870320635347,0.027287196050331,"NA"
4363,1078.56221690295,2.85704422385356,0.877343095114341,3.25647314005613,0.00112805602910239,0.0279120480658198,"NA"
3193,151.135762676641,2.23185936552432,0.686179541830717,3.25258803194532,0.00114359165920902,0.0281916521618343,"NA"
6223,221.289048704496,3.40339309368056,1.04829351010892,3.2466032278755,0.00116791085323502,0.0286849248676469,Lantipeptide(venezuelin)
0440,612.576709572392,-2.43945974317771,0.752610020214784,-3.24133306447544,0.00118972092015429,0.0291131707520109,"NA"
0919,1035.94079124738,3.04339332957231,0.940944400148338,3.23440293506452,0.00121897347161846,0.0297197341651739,"NA"
3604,473.362985206679,3.9370768959497,1.21843637239422,3.23125358463599,0.00123248542557306,0.0299394999730449,"NA"
2670,531.696460533936,3.63718751851694,1.12799303808244,3.22447692115199,0.00126203028518974,0.0304556940551122,Terpene1
5967,1120.78520441335,3.06955485972495,0.952011684401961,3.22428275830794,0.00126288635204492,0.0304556940551122,Butyrolactone/T2PKS
2465,454.714530710811,2.47471406337954,0.76826562171493,3.22116985770554,0.00127668458102188,0.0306773017013778,"NA"
0805,78.8203994148681,2.41098460538197,0.750000750507241,3.21464292369224,0.00130606877975235,0.0312704812878836,"NA"
5236,192.157340474752,2.55853240115046,0.797404517257616,3.2085752535609,0.00133394395296805,0.0318234084263631,T1PKS-T3PKS-NRPS
0980,44.6096998612229,3.3115219530769,1.03242312725042,3.20752399444619,0.00133882891621481,0.0318258759511635,"NA"
0841,27814.0410019605,2.05385055378664,0.640780657224878,3.20523182251092,0.00134953739806286,0.031966266624578,"NA"
0663,75.7940357974835,-2.67467746458517,0.834844632068794,-3.20380267398638,0.00135625397168963,0.0320114412608729,"NA"
3467,90.8782845096833,2.46291050340719,0.769818942493398,3.19933736032784,0.00137743881068145,0.0323965820632358,"NA"
7360,399.270674648663,-2.14540207364881,0.671866668419426,-3.19319617193674,0.00140707321697378,0.0329770399020333,"NA"
3091,83.835837600211,2.20289617178945,0.6922432599339,3.18225730648472,0.00146131930103788,0.0340088855514269,"NA"
3681,3286.92285220217,-2.18407949474752,0.686299543436904,-3.18239974896371,0.00146060070830127,0.0340088855514269,"NA"
5588,62.5442949992182,-2.87035225197778,0.902560850832907,-3.18023128227747,0.0014715755093374,0.0341282459587099,Lantipeptide/terpene
6086,685.059187563373,3.409862044739,1.07337399830829,3.17676974671751,0.0014892522202362,0.0344182735343477,"NA"
0917,1850.90654275564,2.72398718131302,0.858583157205954,3.17265387569162,0.00151052489289321,0.0347891131041426,"NA"
0310,1121.29999788708,3.17313028326238,1.00180452841303,3.16741459363231,0.00153800878878371,0.035299953441877203,"NA"
1009,199.609748533507,3.57729759061799,1.12981817350426,3.16625955796286,0.00154412943157368,0.0353186443180563,"NA"
6202,113.296677683766,2.22900347379183,0.705537383439192,3.15929889203941,0.00158149206269651,0.0360493533195479,Lantipeptide(venezuelin)
2469,7678.27383828171,1.98354679064669,0.628973846571576,3.15362363865947,0.00161256904126593,0.0365076855056667,"NA"
5443,184.947246874478,4.03591082511258,1.27951675668456,3.15424616678745,0.00160913291442286,0.0365076855056667,Lantipeptide/terpene
5444,322.754634489768,4.1911638570803,1.33153321401555,3.14762246481321,0.00164604138726043,0.0371391575376456,Lantipeptide/terpene
1888,1314.70652811267,3.52131618361346,1.1210906883257,3.14097353611276,0.00168387247084014,0.0378643755605134,"NA"
5879,64.0765594432878,-3.70357064507177,1.18178398106565,-3.13388123752714,0.00172510661464065,0.0386609751752463,"NA"
3463,78.6353434160355,2.4870528918572,0.796226424164203,3.12354980490362,0.00178683621526162,0.0398328936391519,"NA"
6224,95.5705613677086,3.42716449938352,1.0973482153152,3.1231330689312,0.00178936826894628,0.0398328936391519,Lantipeptide(venezuelin)
6587,178.607983253512,2.85944586666169,0.918172929667142,3.11427812154983,0.00184395585361057,0.0409112338721065,"NA"
3021,2338.66717608374,2.70817542139101,0.870690683883315,3.11037601701725,0.00186849318224177,0.0412862312720136,Terpene1
4368,297.405525063091,2.76484777391284,0.889126393720963,3.1096228763855,0.00187326349821937,0.0412862312720136,"NA"
5430,448.929579567918,2.94261456262006,0.949767140261093,3.09824844204562,0.00194668159228832,0.0426220811785231,Lantipeptide/terpene
6330,691.079781922749,-2.28370994406788,0.736943932608965,-3.09889238925271,0.00194245559096737,0.0426220811785231,"NA"
0806,55.0864337064968,2.51457395820471,0.814113584250126,3.08872620092793,0.00201016601924647,0.0437704738592832,"NA"
1906,142.718108047378,2.186273189583,0.70789529102463,3.08841324035157,0.0020122844051894,0.0437704738592832,"NA"
2521,3844.57447625242,-2.91484578136154,0.945925218519826,-3.08147591827889,0.00205977137281939,0.0446574536074457,"NA"
7086,591.653252960934,-2.32998022074241,0.756431554551787,-3.080226104691,0.0020684350340838,0.0446996869703304,"NA"
3614,728.545441059352,3.8619850843923,1.25575700810434,3.07542387537399,0.00210203580412044,0.0452788035994358,"NA"
7210,55.3394787015669,-2.22232518002849,0.722845426053492,-3.07441273048055,0.0021091741868941,0.0452860109289262,"NA"
6111,426.743618325884,3.26717218284563,1.06444487585044,3.06936719502295,0.00214512755210846,0.0459098681248679,"NA"
1616,808.203462870038,-2.05051752328836,0.668454637692243,-3.06754925116164,0.00215821892254276,0.0460420036809122,"NA"
1129,994.390631437266,-1.93998951100338,0.634244546617811,-3.05874054629026,0.00222269557078511,0.0472660118822546,"NA"
0256,340.538999900062,2.21516453475332,0.724804198243155,3.05622475714494,0.00224143167885602,0.0474617222843088,"NA"
3875,387.074323663021,3.0022371922705,0.983149170339724,3.05369447774958,0.00226042156912949,0.0474617222843088,"NA"
5150,48.4640227896427,2.8182740007243,0.922863384374278,3.05383662245431,0.00225935086957618,0.0474617222843088,T1PKS-T3PKS-NRPS
6225,83.0657219652519,2.51491793921693,0.823231093787542,3.05493555600072,0.00225108886402646,0.0474617222843088,Lantipeptide(venezuelin)
3603,667.096908635604,3.62493258476541,1.18808189747892,3.05107972140424,0.00228020023173054,0.0475768424526597,"NA"
4359,1131.17981678654,2.61078402158599,0.855661946126215,3.05118631651861,0.00227939083008951,0.0475768424526597,"NA"
3492,26.0761038775894,2.59572829982711,0.85136235107357106,3.04891130850911,0.00229672275914421,0.0477718333901995,"NA"
0331,1528.78865510511,-2.00666197870825,0.659709371440541,-3.04173635479288,0.00235217817417067,0.0487728907391899,"NA"
2248,1095.51065593853,-1.90730879683933,0.628114234260283,-3.03656356249517,0.0023929165080119,0.049463516389215,Ectoine
3607,709.705303611017,3.50262921974086,1.15405837947819,3.0350537564006,0.00240492817980747,0.0495579008198097,"NA"
0502,1665.79422399216,2.40650780779288,0.793855848967698,3.03141661162064,0.00243409143632435,0.0497115272311844,"NA"
4431,479.79022734475,2.20327778557099,0.726671243821513,3.03201455170306,0.00242927492614014,0.0497115272311844,"NA"
5458,77.5831131380096,3.26119373757834,1.07615763184053,3.03040525020557,0.00244225802352724,0.0497115272311844,Lantipeptide/terpene
5807,3696.56168451636,-2.09401549311644,0.69098562479594,-3.03047620380647,0.0024416842673183,0.0497115272311844,"NA"
